,Ax,Ay,Az,Gx,Gy,Gz,distance,shot_type
0,0.67822265625,-0.43994140625,-0.4208984375,6.52439024390244,-1.0975609756097562,-1.6463414634146343,130,8
1,0.68408203125,-0.4375,-0.421875,5.914634146341464,-0.6097560975609757,-1.7682926829268295,130,8
2,0.68310546875,-0.427734375,-0.412109375,5.548780487804878,0.1829268292682927,-1.829268292682927,130,8
3,0.6826171875,-0.42822265625,-0.41064453125,5.060975609756098,0.853658536585366,-1.8902439024390245,130,8
4,0.66943359375,-0.44189453125,-0.404296875,5.182926829268293,1.3414634146341464,-1.9512195121951221,130,8
5,0.67138671875,-0.4462890625,-0.392578125,5.060975609756098,1.829268292682927,-2.25609756097561,130,8
6,0.6865234375,-0.4296875,-0.3916015625,4.878048780487806,1.829268292682927,-2.8658536585365857,130,8
7,0.69140625,-0.4365234375,-0.39697265625,5.3048780487804885,1.524390243902439,-2.987804878048781,130,8
8,0.67431640625,-0.4453125,-0.396484375,6.158536585365854,0.426829268292683,-2.9268292682926833,130,8
9,0.6591796875,-0.46142578125,-0.392578125,6.951219512195123,0.3658536585365854,-2.9268292682926833,130,8
10,0.66064453125,-0.466796875,-0.3955078125,7.987804878048781,-0.1829268292682927,-3.048780487804878,130,8
11,0.67041015625,-0.4609375,-0.39599609375,8.597560975609756,-0.48780487804878053,-2.804878048780488,130,8
12,0.6484375,-0.46826171875,-0.40087890625,8.231707317073171,-0.426829268292683,-2.682926829268293,130,8
13,0.6416015625,-0.46826171875,-0.3935546875,7.560975609756098,0.1829268292682927,-2.1951219512195124,130,8
14,0.634765625,-0.45849609375,-0.38623046875,6.097560975609756,1.2195121951219514,-1.3414634146341464,130,8
15,0.6337890625,-0.46826171875,-0.41064453125,4.146341463414634,2.5,-0.7926829268292683,130,8
16,0.63671875,-0.474609375,-0.41357421875,2.5,3.8414634146341466,-0.06097560975609757,130,8
17,0.6455078125,-0.47509765625,-0.421875,0.9146341463414634,5.487804878048781,0.12195121951219513,130,8
18,0.65380859375,-0.5,-0.41455078125,0.7317073170731708,5.731707317073171,0.6097560975609757,130,8
19,0.658203125,-0.52880859375,-0.41796875,1.0975609756097562,5.365853658536586,0.48780487804878053,130,8
20,0.67138671875,-0.55029296875,-0.41259765625,4.207317073170732,3.4756097560975614,0.30487804878048785,130,8
21,0.66552734375,-0.560546875,-0.40771484375,7.317073170731708,1.9512195121951221,-0.1829268292682927,130,8
22,0.66015625,-0.56787109375,-0.41943359375,9.634146341463415,0.30487804878048785,-0.5487804878048781,130,8
23,0.6357421875,-0.55908203125,-0.4375,10.121951219512196,-0.6707317073170732,-0.426829268292683,130,8
24,0.61962890625,-0.5205078125,-0.4404296875,9.146341463414634,-0.7317073170731708,0.1829268292682927,130,8
25,0.6240234375,-0.49560546875,-0.44482421875,7.621951219512196,-1.2195121951219514,0.24390243902439027,130,8
26,0.62744140625,-0.4892578125,-0.44921875,5.548780487804878,-1.2195121951219514,1.1585365853658538,130,8
27,0.6142578125,-0.48828125,-0.45166015625,3.2926829268292686,-0.9756097560975611,2.0121951219512195,130,8
28,0.60205078125,-0.4921875,-0.453125,1.8902439024390245,-1.524390243902439,2.9268292682926833,130,8
29,0.6005859375,-0.50830078125,-0.455078125,2.25609756097561,-2.804878048780488,4.024390243902439,130,8
30,0.59326171875,-0.521484375,-0.4736328125,3.353658536585366,-4.207317073170732,4.390243902439025,130,8
31,0.60107421875,-0.51416015625,-0.45947265625,4.634146341463415,-5.426829268292684,4.390243902439025,130,8
32,0.50244140625,-0.47802734375,-0.46484375,4.878048780487806,-6.2804878048780495,3.353658536585366,130,8
33,0.6669921875,-0.4365234375,-0.44677734375,5.0,-6.829268292682928,2.25609756097561,130,8
34,0.68603515625,-0.41259765625,-0.4443359375,4.451219512195122,-6.829268292682928,0.7317073170731708,130,8
35,0.68701171875,-0.40087890625,-0.42578125,4.634146341463415,-6.585365853658537,-0.3658536585365854,130,8
36,0.68115234375,-0.39453125,-0.4072265625,6.219512195121951,-7.195121951219513,-1.2195121951219514,130,8
37,0.69384765625,-0.3798828125,-0.40576171875,7.378048780487806,-7.500000000000001,-2.0121951219512195,130,8
38,0.68994140625,-0.36572265625,-0.38134765625,8.414634146341465,-7.682926829268293,-2.804878048780488,130,8
39,0.693359375,-0.341796875,-0.34912109375,10.060975609756099,-7.073170731707318,-4.024390243902439,130,8
40,0.71435546875,-0.31591796875,-0.31982421875,10.731707317073171,-6.341463414634147,-5.121951219512195,130,8
41,0.72900390625,-0.29443359375,-0.30517578125,12.01219512195122,-5.670731707317073,-6.2804878048780495,130,8
42,0.73828125,-0.28955078125,-0.31884765625,11.52439024390244,-3.353658536585366,-7.195121951219513,130,8
43,0.765625,-0.29443359375,-0.35986328125,9.756097560975611,-2.0121951219512195,-7.439024390243903,130,8
44,0.77734375,-0.33544921875,-0.41357421875,8.719512195121952,-1.0365853658536586,-7.317073170731708,130,8
45,0.751953125,-0.373046875,-0.4345703125,4.207317073170732,1.2804878048780488,-6.951219512195123,130,8
46,0.72412109375,-0.40966796875,-0.41845703125,0.5487804878048781,2.682926829268293,-6.7682926829268295,130,8
47,0.69189453125,-0.4248046875,-0.38134765625,0.9146341463414634,3.2926829268292686,-8.048780487804878,130,8
48,0.7001953125,-0.4189453125,-0.328125,3.048780487804878,3.658536585365854,-9.146341463414634,130,8
49,0.673828125,-0.43505859375,-0.30126953125,6.341463414634147,4.024390243902439,-9.573170731707318,130,8
50,0.6708984375,-0.44091796875,-0.29541015625,9.817073170731708,3.963414634146342,-10.426829268292684,130,8
51,0.6611328125,-0.4482421875,-0.3447265625,11.951219512195124,4.329268292682928,-10.365853658536587,130,8
52,0.6669921875,-0.4580078125,-0.3818359375,12.073170731707318,5.060975609756098,-9.573170731707318,130,8
53,0.64794921875,-0.498046875,-0.42578125,9.939024390243903,6.52439024390244,-8.353658536585366,130,8
54,0.64892578125,-0.51513671875,-0.46728515625,6.463414634146342,7.865853658536586,-6.951219512195123,130,8
55,0.64990234375,-0.51953125,-0.4814453125,1.8902439024390245,9.390243902439025,-6.036585365853659,130,8
56,0.64794921875,-0.53466796875,-0.47900390625,-2.25609756097561,10.24390243902439,-4.817073170731708,130,8
57,0.61865234375,-0.56201171875,-0.455078125,-4.329268292682928,10.30487804878049,-3.048780487804878,130,8
58,0.6123046875,-0.5908203125,-0.44384765625,-3.353658536585366,8.902439024390244,-1.5853658536585367,130,8
59,0.5966796875,-0.61181640625,-0.4453125,-0.853658536585366,6.707317073170732,-0.12195121951219513,130,8
60,0.576171875,-0.61474609375,-0.443359375,1.402439024390244,4.024390243902439,1.524390243902439,130,8
61,0.5615234375,-0.61865234375,-0.48095703125,4.2682926829268295,2.1341463414634148,2.8658536585365857,130,8
62,0.556640625,-0.609375,-0.470703125,4.146341463414634,1.9512195121951221,3.8414634146341466,130,8
63,0.55859375,-0.5654296875,-0.46435546875,3.231707317073171,3.414634146341464,4.51219512195122,130,8
64,0.5966796875,-0.52685546875,-0.43359375,2.7439024390243905,3.4756097560975614,4.75609756097561,130,8
65,0.6044921875,-0.5107421875,-0.4287109375,2.378048780487805,4.146341463414634,5.975609756097562,130,8
66,0.60009765625,-0.50634765625,-0.42626953125,3.353658536585366,3.4756097560975614,6.463414634146342,130,8
67,0.60205078125,-0.37548828125,-0.42138671875,4.695121951219512,3.231707317073171,6.707317073170732,130,8
68,0.609375,-0.47900390625,-0.4140625,5.914634146341464,2.987804878048781,6.829268292682928,130,8
69,0.623046875,-0.4560546875,-0.41748046875,5.914634146341464,3.5975609756097566,6.646341463414635,130,8
70,0.64208984375,-0.44384765625,-0.412109375,5.182926829268293,4.451219512195122,6.463414634146342,130,8
71,0.6552734375,-0.42431640625,-0.3974609375,4.451219512195122,5.609756097560976,5.731707317073171,130,8
72,0.6689453125,-0.42431640625,-0.3828125,3.7195121951219514,7.865853658536586,5.487804878048781,130,8
73,0.6845703125,-0.4072265625,-0.36865234375,2.25609756097561,8.78048780487805,4.817073170731708,130,8
74,0.6865234375,-0.41845703125,-0.36474609375,3.8414634146341466,8.292682926829269,4.146341463414634,130,8
75,0.6796875,-0.421875,-0.33984375,5.731707317073171,7.682926829268293,2.8658536585365857,130,8
76,0.68896484375,-0.42041015625,-0.3427734375,7.621951219512196,7.134146341463415,1.0975609756097562,130,8
77,0.70849609375,-0.40625,-0.34423828125,8.536585365853659,7.682926829268293,0.1829268292682927,130,8
78,0.7177734375,-0.39794921875,-0.33544921875,7.926829268292684,8.353658536585366,-0.6707317073170732,130,8
79,0.72314453125,-0.4052734375,-0.32958984375,7.926829268292684,8.048780487804878,-0.1829268292682927,130,8
80,0.69677734375,-0.44921875,-0.330078125,8.292682926829269,7.987804878048781,0.3658536585365854,130,8
81,0.68017578125,-0.47802734375,-0.3212890625,8.597560975609756,8.536585365853659,0.1829268292682927,130,8
82,0.69287109375,-0.46337890625,-0.3310546875,8.658536585365855,8.719512195121952,0.1829268292682927,130,8
83,0.7001953125,-0.4814453125,-0.31884765625,9.146341463414634,9.939024390243903,0.06097560975609757,130,8
84,0.7021484375,-0.48876953125,-0.32177734375,8.841463414634147,11.52439024390244,0.853658536585366,130,8
85,0.6943359375,-0.51513671875,-0.33251953125,7.01219512195122,14.26829268292683,0.9756097560975611,130,8
86,0.69091796875,-0.51513671875,-0.33447265625,4.390243902439025,16.76829268292683,1.3414634146341464,130,8
87,0.697265625,-0.51220703125,-0.32421875,2.1341463414634148,18.53658536585366,1.829268292682927,130,8
88,0.69091796875,-0.51025390625,-0.328125,1.402439024390244,20.243902439024392,2.439024390243903,130,8
89,0.68408203125,-0.51123046875,-0.3271484375,1.2195121951219514,21.585365853658537,2.073170731707317,130,8
90,0.67724609375,-0.5166015625,-0.31787109375,1.402439024390244,22.073170731707318,2.1341463414634148,130,8
91,0.68310546875,-0.49658203125,-0.2998046875,1.6463414634146343,23.04878048780488,2.0121951219512195,130,8
92,0.68310546875,-0.49365234375,-0.27294921875,1.0365853658536586,24.634146341463417,1.829268292682927,130,8
93,0.67919921875,-0.4814453125,-0.26220703125,-0.30487804878048785,27.073170731707318,1.707317073170732,130,8
94,0.67333984375,-0.48583984375,-0.2412109375,-2.1951219512195124,29.573170731707318,1.829268292682927,130,8
95,0.69677734375,-0.4560546875,-0.21728515625,-4.634146341463415,33.71951219512196,1.4634146341463417,130,8
96,0.71337890625,-0.4423828125,-0.17578125,-12.01219512195122,40.97560975609756,0.5487804878048781,130,8
97,0.73486328125,-0.49267578125,-0.19580078125,-19.085365853658537,48.53658536585366,-1.829268292682927,130,8
98,0.68994140625,-0.39599609375,-0.3115234375,-34.207317073170735,57.31707317073171,0.24390243902439027,130,8
99,0.501953125,-0.45947265625,-0.46533203125,-42.13414634146342,63.23170731707317,5.670731707317073,130,8
100,0.6875,-0.416015625,-0.50390625,-53.53658536585366,72.25609756097562,9.817073170731708,130,8
101,0.78125,-0.33154296875,-0.443359375,-65.79268292682927,80.85365853658537,9.878048780487806,130,8
102,0.7958984375,-0.29052734375,-0.408203125,-62.560975609756106,84.26829268292684,7.865853658536586,130,8
103,0.8125,-0.19580078125,-0.3779296875,-83.04878048780489,83.78048780487805,7.621951219512196,130,8
104,0.80224609375,-0.2568359375,-0.28466796875,-78.59756097560977,78.35365853658537,10.609756097560977,130,8
105,0.728515625,-0.42724609375,-0.2197265625,-70.0,73.78048780487805,10.792682926829269,130,8
106,0.65869140625,-0.4892578125,-0.24853515625,-60.365853658536594,67.8048780487805,9.390243902439025,130,8
107,0.5888671875,-0.4951171875,-0.3056640625,-51.03658536585366,59.024390243902445,9.26829268292683,130,8
108,0.59326171875,-0.43017578125,-0.30126953125,-42.37804878048781,52.25609756097561,9.634146341463415,130,8
109,0.61474609375,-0.36865234375,-0.25732421875,-38.53658536585366,46.89024390243903,7.865853658536586,130,8
110,0.69140625,-0.17529296875,-0.515625,-41.15853658536586,45.85365853658537,5.609756097560976,130,8
111,0.76025390625,-0.087890625,-0.546875,-48.53658536585366,48.65853658536586,4.939024390243903,130,8
112,0.75927734375,-0.064453125,-0.54736328125,-60.304878048780495,55.60975609756098,2.987804878048781,130,8
113,0.78125,-0.0654296875,-0.5068359375,-68.84146341463415,60.60975609756098,2.378048780487805,130,8
114,0.7412109375,-0.11767578125,-0.44189453125,-72.8658536585366,59.146341463414636,2.987804878048781,130,8
115,0.6572265625,-0.17919921875,-0.4658203125,-73.59756097560977,57.07317073170732,2.5,130,8
116,0.59326171875,-0.1865234375,-0.4296875,-73.41463414634147,56.585365853658544,2.6219512195121952,130,8
117,0.64453125,-0.13134765625,-0.470703125,-76.03658536585367,54.63414634146342,2.7439024390243905,130,8
118,0.638671875,-0.1435546875,-0.48486328125,-81.34146341463415,56.463414634146346,3.048780487804878,130,8
119,0.65380859375,-0.14013671875,-0.4931640625,-90.3048780487805,59.32926829268293,3.1707317073170733,130,8
120,0.6630859375,-0.13671875,-0.50537109375,-95.3658536585366,57.31707317073171,3.9024390243902443,130,8
121,0.70654296875,-0.0712890625,-0.52294921875,-98.47560975609757,55.304878048780495,2.5609756097560976,130,8
122,0.7333984375,-0.05859375,-0.57470703125,-103.65853658536587,55.97560975609757,0.9756097560975611,130,8
123,0.75634765625,-0.03466796875,-0.59423828125,-109.20731707317074,57.07317073170732,-2.6219512195121952,130,8
124,0.7939453125,-0.013671875,-0.55419921875,-114.63414634146342,59.75609756097562,-5.975609756097562,130,8
125,0.7861328125,-0.03271484375,-0.53466796875,-121.58536585365854,61.82926829268293,-8.597560975609756,130,8
126,0.75927734375,-0.05517578125,-0.537109375,-127.8658536585366,62.987804878048784,-10.426829268292684,130,8
127,0.73095703125,-0.07958984375,-0.53759765625,-132.8048780487805,63.23170731707317,-11.76829268292683,130,8
128,0.71630859375,-0.10009765625,-0.50244140625,-135.5487804878049,62.6829268292683,-12.926829268292684,130,8
129,0.716796875,-0.09814453125,-0.51513671875,-136.82926829268294,60.60975609756098,-14.695121951219514,130,8
130,0.7451171875,-0.0458984375,-0.49462890625,-138.78048780487805,60.73170731707317,-17.804878048780488,130,8
131,0.77001953125,-0.00732421875,-0.38037109375,-144.14634146341464,61.463414634146346,-20.121951219512198,130,8
132,0.7685546875,0.00048828125,-0.546875,-150.0,61.585365853658544,-24.146341463414636,130,8
133,0.77685546875,0.02880859375,-0.53759765625,-155.7317073170732,62.987804878048784,-28.59756097560976,130,8
134,0.81298828125,0.05126953125,-0.58349609375,-162.7439024390244,62.31707317073171,-32.37804878048781,130,8
135,0.826171875,0.015625,-0.61767578125,-168.96341463414635,63.53658536585366,-37.01219512195122,130,8
136,0.8369140625,0.005859375,-0.5595703125,-173.2317073170732,64.39024390243902,-40.91463414634147,130,8
137,0.85205078125,0.01318359375,-0.5322265625,-174.02439024390245,64.26829268292684,-44.390243902439025,130,8
138,0.84814453125,0.017578125,-0.52880859375,-175.0609756097561,65.0609756097561,-48.35365853658537,130,8
139,0.84375,0.00146484375,-0.53271484375,-176.52439024390245,64.45121951219512,-51.40243902439025,130,8
140,0.84521484375,-0.0107421875,-0.54248046875,-175.85365853658539,63.04878048780488,-55.1219512195122,130,8
141,0.87451171875,0.02294921875,-0.537109375,-174.08536585365854,60.426829268292686,-59.39024390243903,130,8
142,0.91357421875,0.0615234375,-0.55224609375,-173.1707317073171,56.524390243902445,-64.32926829268293,130,8
143,0.9697265625,0.12255859375,-0.55810546875,-175.4878048780488,57.25609756097561,-69.69512195121952,130,8
144,0.98486328125,0.1357421875,-0.53662109375,-181.34146341463415,59.32926829268293,-74.32926829268294,130,8
145,1.0263671875,0.1474609375,-0.51708984375,-186.34146341463415,61.34146341463415,-78.71951219512196,130,8
146,1.0517578125,0.14990234375,-0.5244140625,-189.57317073170734,61.95121951219513,-82.25609756097562,130,8
147,1.0400390625,0.16162109375,-0.52392578125,-191.15853658536588,62.6829268292683,-87.37804878048782,130,8
148,1.0654296875,0.166015625,-0.48388671875,-190.97560975609758,63.59756097560976,-91.09756097560977,130,8
149,1.0791015625,0.14404296875,-0.47265625,-188.96341463414635,63.47560975609757,-94.69512195121952,130,8
150,1.08935546875,0.1298828125,-0.49072265625,-186.46341463414635,62.926829268292686,-98.59756097560977,130,8
151,1.10205078125,0.1376953125,-0.48974609375,-185.1829268292683,62.50000000000001,-103.53658536585367,130,8
152,1.11669921875,0.17919921875,-0.490234375,-185.7317073170732,62.19512195121952,-108.35365853658537,130,8
153,1.150390625,0.19921875,-0.46923828125,-187.6219512195122,64.45121951219512,-112.31707317073172,130,8
154,1.173828125,0.1904296875,-0.4658203125,-188.71951219512198,65.79268292682927,-115.85365853658537,130,8
155,1.19921875,0.197265625,-0.4345703125,-190.91463414634148,67.5609756097561,-119.87804878048782,130,8
156,1.21435546875,0.201171875,-0.3955078125,-190.1219512195122,69.02439024390245,-122.62195121951221,130,8
157,1.2412109375,0.22998046875,-0.38671875,-186.76829268292684,68.71951219512195,-126.89024390243904,130,8
158,1.28076171875,0.26416015625,-0.39111328125,-182.25609756097563,66.76829268292684,-131.15853658536585,130,8
159,1.302734375,0.2841796875,-0.40576171875,-177.13414634146343,65.67073170731707,-136.64634146341464,130,8
160,1.3642578125,0.28857421875,-0.396484375,-172.01219512195124,65.97560975609757,-141.40243902439025,130,8
161,1.4375,0.31005859375,-0.49658203125,-171.46341463414635,70.1829268292683,-146.70731707317074,130,8
162,1.494140625,0.3154296875,-0.34033203125,-173.53658536585368,72.6219512195122,-151.03658536585368,130,8
163,1.53662109375,0.27978515625,-0.326171875,-174.14634146341464,74.93902439024392,-157.43902439024393,130,8
164,1.5576171875,0.26123046875,-0.31494140625,-170.97560975609758,77.13414634146342,-163.0487804878049,130,8
165,1.54833984375,0.22705078125,-0.30419921875,-167.25609756097563,79.45121951219512,-168.96341463414635,130,8
166,1.541015625,0.2392578125,-0.37109375,-164.51219512195124,81.95121951219512,-173.53658536585368,130,8
167,1.53466796875,0.24462890625,-0.25537109375,-161.15853658536588,80.91463414634147,-178.65853658536588,130,8
168,1.52099609375,0.2626953125,-0.23291015625,-156.58536585365854,81.64634146341464,-183.59756097560978,130,8
169,1.5283203125,0.27197265625,-0.20068359375,-154.75609756097563,83.96341463414635,-188.59756097560978,130,8
170,1.55126953125,0.263671875,-0.21923828125,-153.84146341463415,86.52439024390245,-193.41463414634148,130,8
171,1.52587890625,0.203125,-0.20556640625,-151.76829268292684,88.47560975609757,-198.2317073170732,130,8
172,1.52685546875,0.19091796875,-0.10107421875,-148.78048780487805,92.50000000000001,-187.6829268292683,130,8
173,1.5380859375,0.17724609375,-0.06640625,-144.39024390243904,91.64634146341464,-208.53658536585368,130,8
174,1.548828125,0.17138671875,-0.0380859375,-138.2317073170732,91.28048780487806,-214.75609756097563,130,8
175,1.53515625,0.13037109375,-0.052734375,-131.76829268292684,89.20731707317074,-219.32926829268294,130,8
176,1.47705078125,0.0751953125,-0.12255859375,-123.53658536585367,88.90243902439025,-223.109756097561,130,8
177,1.43994140625,0.0712890625,0.06982421875,-112.43902439024392,85.48780487804879,-227.07317073170734,130,8
178,1.4619140625,0.1435546875,0.1044921875,-101.70731707317074,83.78048780487805,-228.59756097560978,130,8
179,1.46630859375,0.1884765625,0.103515625,-97.25609756097562,84.75609756097562,-229.32926829268294,130,8
180,1.43212890625,0.2275390625,0.07275390625,-97.07317073170732,85.00000000000001,-229.20731707317074,130,8
181,1.38818359375,0.25146484375,0.07421875,-95.48780487804879,86.76829268292684,-228.0487804878049,130,8
182,1.3525390625,0.28662109375,0.05615234375,-96.21951219512196,87.98780487804879,-225.2439024390244,130,8
183,1.310546875,0.3525390625,0.04736328125,-97.6829268292683,91.28048780487806,-223.2317073170732,130,8
184,1.30322265625,0.40869140625,-0.00634765625,-99.63414634146342,92.07317073170732,-221.82926829268294,130,8
185,1.25927734375,0.45556640625,-0.029296875,-101.70731707317074,94.87804878048782,-222.9878048780488,130,8
186,1.2197265625,0.4775390625,-0.0947265625,-103.65853658536587,95.91463414634147,-223.71951219512198,130,8
187,1.1904296875,0.52734375,-0.06396484375,-104.20731707317074,95.85365853658537,-225.3048780487805,130,8
188,1.14892578125,0.47705078125,-0.07080078125,-104.02439024390245,95.00000000000001,-225.5487804878049,130,8
189,1.09814453125,0.42236328125,-0.05859375,-102.31707317073172,95.00000000000001,-226.70731707317074,130,8
190,1.04541015625,0.3916015625,-0.00439453125,-99.14634146341464,91.64634146341464,-227.07317073170734,130,8
191,0.9775390625,0.3427734375,0.0498046875,-93.29268292682927,90.1219512195122,-225.609756097561,130,8
192,0.9541015625,0.32080078125,0.09521484375,-87.8048780487805,85.54878048780489,-224.14634146341464,130,8
193,0.91162109375,0.29248046875,0.12255859375,-81.76829268292684,81.82926829268294,-222.37804878048783,130,8
194,0.888671875,0.29736328125,0.140625,-76.64634146341464,79.45121951219512,-220.6707317073171,130,8
195,0.89013671875,0.3125,0.18896484375,-72.19512195121952,77.6219512195122,-218.84146341463418,130,8
196,0.900390625,0.31787109375,0.21337890625,-67.07317073170732,76.21951219512196,-218.65853658536588,130,8
197,0.89697265625,0.3154296875,0.19580078125,-63.10975609756098,74.20731707317074,-219.14634146341464,130,8
198,0.87353515625,0.31640625,0.19482421875,-57.19512195121952,69.02439024390245,-219.26829268292684,130,8
199,0.8369140625,0.33740234375,0.19775390625,-51.768292682926834,66.89024390243902,-219.57317073170734,130,8
200,0.78369140625,0.31396484375,0.1845703125,-51.768292682926834,67.31707317073172,-219.63414634146343,130,8
201,0.70849609375,0.2744140625,0.158203125,-51.34146341463415,67.31707317073172,-219.02439024390245,130,8
202,0.64013671875,0.2412109375,0.20849609375,-47.6829268292683,65.60975609756098,-217.31707317073173,130,8
203,0.603515625,0.19140625,0.21484375,-43.90243902439025,63.90243902439025,-215.18292682926833,130,8
204,0.53662109375,0.1376953125,0.18603515625,-40.487804878048784,63.78048780487806,-213.35365853658539,130,8
205,0.46728515625,0.10107421875,0.1884765625,-36.34146341463415,61.524390243902445,-211.95121951219514,130,8
206,0.40087890625,0.05029296875,0.1884765625,-46.768292682926834,59.32926829268293,-210.7926829268293,130,8
207,0.34375,0.02685546875,0.25146484375,-27.926829268292686,58.78048780487806,-210.4268292682927,130,8
208,0.30810546875,0.123046875,0.30859375,-24.75609756097561,57.31707317073171,-207.9878048780488,130,8
209,0.365234375,-0.05029296875,0.32373046875,-24.695121951219516,58.10975609756098,-204.26829268292684,130,8
210,0.1982421875,-0.12939453125,0.40625,-23.10975609756098,58.84146341463415,-199.39024390243904,130,8
211,0.1513671875,-0.208984375,0.42138671875,-17.439024390243905,56.89024390243903,-192.8048780487805,130,8
212,0.12548828125,-0.2822265625,0.40771484375,-7.560975609756098,53.41463414634147,-186.09756097560978,130,8
213,0.09521484375,-0.29345703125,0.4267578125,-15.426829268292684,52.50000000000001,-179.57317073170734,130,8
214,0.0654296875,-0.30810546875,0.4306640625,1.9512195121951221,53.35365853658537,-170.6707317073171,130,8
215,-0.02734375,-0.40283203125,0.37744140625,1.0975609756097562,52.743902439024396,-160.7926829268293,130,8
216,-0.00146484375,-0.4462890625,0.33154296875,-0.48780487804878053,51.34146341463415,-149.93902439024393,130,8
217,-0.20068359375,-0.5234375,0.33203125,-2.7439024390243905,50.54878048780488,-136.58536585365854,130,8
218,-0.2607421875,-0.6123046875,0.30908203125,-4.939024390243903,49.75609756097561,-123.41463414634147,130,8
219,-0.39453125,-0.748046875,0.3349609375,-6.585365853658537,48.23170731707317,-107.7439024390244,130,8
220,-0.439453125,-0.8408203125,0.3935546875,-6.7682926829268295,48.84146341463415,-108.84146341463416,130,8
221,-0.45947265625,-0.916015625,0.4814453125,-9.451219512195122,48.23170731707317,-92.5609756097561,130,8
222,-0.48974609375,-1.04345703125,0.474609375,-9.817073170731708,48.10975609756098,-60.304878048780495,130,8
223,-0.5771484375,-1.166015625,0.47021484375,-11.341463414634147,47.987804878048784,-40.60975609756098,130,8
224,-0.69189453125,-1.31005859375,0.609375,-12.926829268292684,48.963414634146346,-22.25609756097561,130,8
225,-0.6552734375,-1.49951171875,0.4716796875,-12.621951219512196,49.32926829268293,-3.8414634146341466,130,8
226,-0.7197265625,-1.39208984375,0.50146484375,-7.987804878048781,45.73170731707317,15.121951219512196,130,8
227,-0.68115234375,-1.63525390625,0.45654296875,0.9756097560975611,41.09756097560976,33.23170731707317,130,8
228,-0.63427734375,-1.71875,0.4140625,9.390243902439025,39.268292682926834,51.34146341463415,130,8
229,-0.572265625,-1.78662109375,0.39599609375,17.743902439024392,36.768292682926834,72.7439024390244,130,8
230,-0.5419921875,-1.83056640625,0.349609375,26.89024390243903,34.57317073170732,79.63414634146342,130,8
231,-0.4755859375,-1.837890625,0.33349609375,34.146341463414636,32.80487804878049,117.37804878048782,130,8
232,-0.3798828125,-1.86083984375,0.23388671875,39.87804878048781,29.81707317073171,143.2317073170732,130,8
233,-0.31005859375,-1.8955078125,0.05322265625,46.03658536585366,27.865853658536587,167.9878048780488,130,8
234,-0.1904296875,-1.919921875,-0.0380859375,49.39024390243903,23.78048780487805,193.71951219512198,130,8
235,-0.02978515625,-1.984375,-0.1875,54.146341463414636,19.573170731707318,203.109756097561,130,8
236,0.10302734375,-2.0263671875,-0.244140625,62.07317073170732,31.158536585365855,243.109756097561,130,8
237,0.28564453125,-2.05712890625,-0.24365234375,71.03658536585367,9.51219512195122,251.34146341463418,130,8
238,0.46923828125,-2.08642578125,-0.2724609375,78.96341463414635,3.414634146341464,290.609756097561,130,8
239,0.623046875,-2.19140625,-0.28271484375,85.97560975609757,-1.829268292682927,316.82926829268297,130,8
240,0.7861328125,-2.30859375,-0.296875,92.13414634146342,-6.097560975609756,329.0243902439025,130,8
241,0.97900390625,-2.416015625,-0.3603515625,94.45121951219512,-12.865853658536587,360.9146341463415,130,8
242,1.01220703125,-2.58642578125,-0.52734375,98.29268292682927,-22.195121951219512,409.81707317073176,130,8
243,1.33642578125,-2.6455078125,-0.66552734375,108.10975609756099,-38.23170731707317,443.0487804878049,130,8
244,1.53466796875,-2.92626953125,-0.83056640625,123.71951219512196,-56.15853658536586,478.2317073170732,130,8
245,2.03369140625,-3.07275390625,-1.072265625,145.4268292682927,-74.08536585365854,515.0609756097562,130,8
246,2.4873046875,-3.32421875,-1.2890625,158.35365853658539,-101.03658536585367,555.2439024390244,130,8
247,2.8896484375,-3.57666015625,-1.79931640625,224.14634146341464,-134.14634146341464,579.0853658536586,130,8
248,3.521484375,-3.7802734375,-2.2119140625,289.51219512195127,-162.6829268292683,609.939024390244,130,8
249,4.48095703125,-3.80810546875,-2.73291015625,338.719512195122,-169.39024390243904,624.6341463414635,130,8
250,5.2822265625,-3.7666015625,-3.06884765625,361.4634146341464,-164.87804878048783,643.9634146341464,130,8
251,5.99951171875,-3.7490234375,-2.9912109375,416.5853658536586,-145.0609756097561,649.5731707317074,130,8
252,6.66015625,-3.86181640625,-3.1083984375,449.39024390243907,-113.53658536585367,661.1585365853659,130,8
253,7.27099609375,-4.04736328125,-3.19677734375,507.80487804878055,-81.64634146341464,699.939024390244,130,8
254,7.91552734375,-4.0166015625,-3.7685546875,543.109756097561,-58.35365853658537,730.7926829268293,130,8
255,8.75390625,-3.50830078125,-4.17431640625,581.6463414634147,-21.890243902439025,771.1585365853659,130,8
256,9.54736328125,-2.65673828125,-4.64990234375,609.939024390244,-0.5487804878048781,819.6951219512196,130,8
257,10.08251953125,-2.24853515625,-4.8046875,660.0609756097562,-46.646341463414636,878.5975609756098,130,8
258,10.24951171875,-1.62841796875,-5.681640625,691.219512195122,-118.65853658536587,908.4756097560976,130,8
259,10.54638671875,-1.08642578125,-6.6806640625,783.2926829268293,-200.3048780487805,890.6707317073171,130,8
260,10.48291015625,-0.69189453125,-7.2548828125,897.7439024390245,-251.03658536585368,842.1951219512196,130,8
261,9.302734375,-1.2705078125,-7.3544921875,1038.9024390243903,-361.89024390243907,739.0853658536586,130,8
262,7.5712890625,-2.22900390625,-7.1875,1214.8170731707319,-515.9756097560976,628.9024390243903,130,8
263,5.74755859375,-3.23828125,-7.86865234375,1418.4756097560976,-694.5121951219513,479.39024390243907,130,8
264,5.09375,-3.74658203125,-16.0,353.8414634146342,-470.609756097561,474.0243902439025,130,8
265,15.99951171875,-0.19677734375,0.38330078125,606.7073170731708,484.0853658536586,22.195121951219512,130,8
266,-4.640625,15.99951171875,-4.6552734375,1612.5609756097563,-1093.719512195122,-260.2439024390244,130,8
267,6.84375,-4.5654296875,-16.0,1200.548780487805,-482.56097560975616,-46.21951219512196,130,8
268,15.90185546875,6.740234375,7.9736328125,717.0731707317074,107.6219512195122,-271.4634146341464,130,8
269,-0.80078125,2.22607421875,1.17236328125,1256.158536585366,-44.87804878048781,-142.13414634146343,130,8
270,2.3603515625,-1.68701171875,-2.30322265625,918.2926829268293,-139.9390243902439,-284.26829268292687,130,8
271,7.10888671875,1.68115234375,-1.1064453125,883.1707317073171,-80.60975609756099,-248.71951219512198,130,8
272,2.96484375,-1.052734375,-1.640625,830.548780487805,-15.609756097560977,-371.76829268292687,130,8
273,4.2802734375,-1.48046875,-0.67041015625,739.8780487804879,-165.7926829268293,-471.1585365853659,130,8
274,3.837890625,-1.94677734375,-1.79443359375,673.4146341463415,-140.7926829268293,-575.3048780487806,130,8
275,3.18310546875,-2.2109375,-1.44970703125,568.8414634146342,-132.5,-633.2926829268293,130,8
276,3.07568359375,-2.79638671875,-1.84912109375,417.68292682926835,-129.51219512195124,-676.6463414634147,130,8
277,2.3232421875,-2.71875,-2.36181640625,315.7926829268293,-92.13414634146342,-712.8048780487806,130,8
278,2.115234375,-2.3408203125,-2.068359375,237.43902439024393,-16.219512195121954,-723.6585365853659,130,8
279,1.83154296875,-2.17333984375,-1.58837890625,160.2439024390244,56.524390243902445,-736.7682926829269,130,8
280,1.9189453125,-1.83740234375,-1.208984375,108.04878048780489,111.95121951219514,-742.1951219512196,130,8
281,1.77880859375,-1.8623046875,-0.94580078125,35.30487804878049,196.70731707317074,-734.5731707317074,130,8
282,1.84326171875,-1.8017578125,-0.783203125,-1.524390243902439,260.2439024390244,-721.5243902439025,130,8
283,1.49365234375,-1.68994140625,-0.72119140625,-54.268292682926834,308.1707317073171,-702.5000000000001,130,8
284,1.525390625,-1.46484375,-0.92578125,-81.70731707317074,328.3536585365854,-686.4024390243903,130,8
285,1.447265625,-1.435546875,-0.9033203125,-100.42682926829269,357.50000000000006,-636.4634146341464,130,8
286,1.162109375,-1.5205078125,-1.048828125,-114.20731707317074,363.5975609756098,-598.8414634146342,130,8
287,1.05712890625,-1.3935546875,-1.0693359375,-130.7317073170732,370.3048780487805,-575.8536585365854,130,8
288,1.06201171875,-1.1552734375,-1.01806640625,-150.0609756097561,375.4878048780488,-524.939024390244,130,8
289,1.15087890625,-0.94287109375,-1.064453125,-174.87804878048783,385.9146341463415,-494.93902439024396,130,8
290,1.15771484375,-0.77978515625,-0.94482421875,-185.5487804878049,400.9756097560976,-465.9756097560976,130,8
291,1.234375,-0.748046875,-0.83740234375,-172.6829268292683,397.37804878048786,-437.43902439024396,130,8
292,0.98828125,-0.7509765625,-0.763671875,-170.6707317073171,371.6463414634147,-411.2804878048781,130,8
293,0.97998046875,-0.50390625,-1.177734375,-178.59756097560978,345.5487804878049,-385.3658536585366,130,8
294,1.11376953125,-0.279296875,-1.52734375,-186.28048780487808,337.19512195121956,-361.2804878048781,130,8
295,0.98681640625,-0.16357421875,-1.56640625,-208.109756097561,330.4878048780488,-340.5487804878049,130,8
296,0.9853515625,-0.28515625,-1.31689453125,-230.609756097561,333.9634146341464,-323.5975609756098,130,8
297,0.69873046875,-0.38134765625,-1.06201171875,-246.58536585365854,323.8414634146342,-326.0975609756098,130,8
298,0.68017578125,-0.60009765625,-0.90087890625,-251.76829268292684,328.4146341463415,-301.3414634146342,130,8
299,0.47900390625,-0.3876953125,-0.96875,-244.87804878048783,310.3658536585366,-288.5975609756098,130,8
300,0.42431640625,-0.4140625,-1.19091796875,-230.85365853658539,272.5609756097561,-276.0365853658537,130,8
301,0.41845703125,-0.400390625,-1.26806640625,-217.9878048780488,250.3658536585366,-255.6707317073171,130,8
302,0.29150390625,-0.380859375,-1.12841796875,-220.2439024390244,238.78048780487808,-249.51219512195124,130,8
303,0.03271484375,-0.44189453125,-0.91552734375,-223.96341463414637,237.31707317073173,-208.2317073170732,130,8
304,-0.154296875,-0.59765625,-0.77880859375,-233.71951219512198,238.90243902439028,-190.2439024390244,130,8
305,-0.42578125,-0.56201171875,-0.69775390625,-229.26829268292684,249.14634146341464,-176.82926829268294,130,8
306,-0.39111328125,-0.43212890625,-0.68603515625,-221.46341463414637,221.15853658536588,-164.93902439024393,130,8
307,-0.34765625,-0.3232421875,-0.64990234375,-212.13414634146343,200.3658536585366,-154.32926829268294,130,8
308,-0.43310546875,-0.32666015625,-0.8349609375,-213.41463414634148,184.20731707317074,-145.0609756097561,130,8
309,-0.55419921875,-0.26953125,-0.80029296875,-209.51219512195124,168.41463414634148,-127.8658536585366,130,8
310,-0.84619140625,-0.49169921875,-0.71923828125,-205.12195121951223,153.41463414634148,-110.06097560975611,130,8
311,-1.1162109375,-0.5654296875,-0.72265625,-191.03658536585368,155.7317073170732,-96.40243902439025,130,8
312,-1.20458984375,-0.58740234375,-0.69140625,-174.45121951219514,134.51219512195124,-82.5609756097561,130,8
313,-1.21044921875,-0.53857421875,-0.6591796875,-158.0487804878049,127.6829268292683,-69.75609756097562,130,8
314,-1.08740234375,-0.4951171875,-0.61328125,-150.4268292682927,120.3658536585366,-59.87804878048781,130,8
315,-0.96240234375,-0.3857421875,-0.6865234375,-148.35365853658539,107.25609756097562,-51.28048780487806,130,8
316,-0.91943359375,-0.37646484375,-0.8037109375,-147.07317073170734,90.79268292682927,-41.15853658536586,130,8
317,-1.00390625,-0.39306640625,-0.7333984375,-136.82926829268294,74.93902439024392,-46.707317073170735,130,8
318,-1.15283203125,-0.44091796875,-0.59423828125,-127.62195121951221,65.60975609756098,-22.500000000000004,130,8
319,-1.22998046875,-0.4755859375,-0.5234375,-123.10975609756099,59.207317073170735,-18.04878048780488,130,8
320,-1.2138671875,-0.40771484375,-0.54833984375,-113.90243902439025,52.19512195121952,-31.219512195121954,130,8
321,-1.1259765625,-0.31298828125,-0.56640625,-101.21951219512196,41.34146341463415,-11.951219512195124,130,8
322,-1.06982421875,-0.2705078125,-0.5400390625,-91.09756097560977,31.76829268292683,-8.841463414634147,130,8
323,-1.0751953125,-0.263671875,-0.5595703125,-81.64634146341464,23.414634146341466,-4.817073170731708,130,8
324,-1.1123046875,-0.25390625,-0.5615234375,-73.17073170731707,30.54878048780488,-15.54878048780488,130,8
325,-1.1787109375,-0.27392578125,-0.55712890625,-65.1219512195122,7.01219512195122,5.426829268292684,130,8
326,-1.2099609375,-0.259765625,-0.55517578125,-57.43902439024391,15.243902439024392,11.28048780487805,130,8
327,-1.24609375,-0.29150390625,-0.55029296875,-50.670731707317074,-8.292682926829269,16.28048780487805,130,8
328,-1.373046875,-0.27001953125,-0.52734375,-42.19512195121951,-15.30487804878049,21.52439024390244,130,8
329,-1.24755859375,-0.2470703125,-0.52734375,-33.109756097560975,-22.378048780487806,26.951219512195124,130,8
330,-1.2490234375,-0.23876953125,-0.501953125,-24.75609756097561,-30.0609756097561,31.76829268292683,130,8
331,-1.2666015625,-0.20751953125,-0.51416015625,-17.865853658536587,-39.75609756097561,35.97560975609756,130,8
332,-1.27197265625,-0.15966796875,-0.50830078125,-11.52439024390244,-48.90243902439025,39.93902439024391,130,8
333,-1.25732421875,-0.2490234375,-0.49365234375,-5.914634146341464,-54.75609756097561,43.23170731707317,130,8
334,-1.236328125,-0.08251953125,-0.4501953125,-1.8902439024390245,-61.768292682926834,45.91463414634147,130,8
335,-1.2275390625,-0.06201171875,-0.416015625,1.707317073170732,-69.63414634146342,47.926829268292686,130,8
336,-1.1982421875,-0.03515625,-0.39990234375,5.3048780487804885,-77.92682926829269,49.268292682926834,130,8
337,-1.185546875,-0.03271484375,-0.34765625,9.329268292682928,-85.2439024390244,50.304878048780495,130,8
338,-1.16748046875,-0.03515625,-0.29931640625,13.78048780487805,-91.82926829268294,51.40243902439025,130,8
339,-1.15478515625,-0.03271484375,-0.26416015625,16.646341463414636,-95.91463414634147,51.951219512195124,130,8
340,-1.13720703125,-0.00830078125,-0.248046875,20.426829268292686,-101.03658536585367,52.926829268292686,130,8
341,-1.1181640625,0.00830078125,-0.36962890625,24.878048780487806,-105.06097560975611,53.35365853658537,130,8
342,-1.07177734375,0.06884765625,-0.2158203125,28.231707317073173,-93.84146341463415,53.963414634146346,130,8
343,-1.025390625,0.09912109375,-0.16748046875,30.426829268292686,-110.85365853658537,53.84146341463415,130,8
344,-0.98974609375,0.1298828125,-0.1083984375,31.58536585365854,-114.14634146341464,54.32926829268293,130,8
345,-0.97802734375,0.1435546875,-0.0634765625,33.59756097560976,-118.23170731707319,55.1219512195122,130,8
346,-0.97509765625,0.162109375,-0.03662109375,36.28048780487805,-122.56097560975611,55.1829268292683,130,8
347,-0.95458984375,0.1591796875,-0.00927734375,38.90243902439025,-128.84146341463415,54.63414634146342,130,8
348,-0.94873046875,0.15966796875,0.04345703125,42.13414634146342,-134.9390243902439,53.59756097560976,130,8
349,-0.947265625,0.1748046875,0.0419921875,31.34146341463415,-139.45121951219514,52.6829268292683,130,8
350,-0.92578125,0.1875,0.06005859375,51.463414634146346,-144.75609756097563,52.37804878048781,130,8
351,-0.900390625,0.20166015625,0.091796875,55.243902439024396,-149.08536585365854,52.37804878048781,130,8
352,-0.87890625,0.2255859375,0.1142578125,57.13414634146342,-151.52439024390245,52.13414634146342,130,8
353,-0.841796875,0.24609375,0.171875,56.21951219512196,-151.34146341463415,51.646341463414636,130,8
354,-0.8095703125,0.267578125,0.20361328125,55.304878048780495,-150.4878048780488,51.524390243902445,130,8
355,-0.78515625,0.2900390625,0.2255859375,55.426829268292686,-150.97560975609758,51.524390243902445,130,8
356,-0.76171875,0.29833984375,0.23876953125,57.6829268292683,-154.45121951219514,51.40243902439025,130,8
357,-0.75927734375,0.291015625,0.25732421875,60.54878048780488,-158.84146341463415,51.09756097560976,130,8
358,-0.736328125,0.2958984375,0.26171875,65.48780487804879,-164.51219512195124,50.85365853658537,130,8
359,-0.728515625,0.26806640625,0.29150390625,68.53658536585367,-167.31707317073173,51.15853658536586,130,8
360,-0.70263671875,0.24853515625,0.33056640625,70.0,-168.65853658536588,52.6219512195122,130,8
361,-0.66650390625,0.25244140625,0.36572265625,70.3658536585366,-169.08536585365854,53.65853658536586,130,8
362,-0.6220703125,0.26123046875,0.3818359375,69.57317073170732,-166.95121951219514,55.1219512195122,130,8
363,-0.58642578125,0.2763671875,0.4189453125,68.65853658536587,-166.95121951219514,57.07317073170732,130,8
364,-0.5517578125,0.3037109375,0.43115234375,70.48780487804879,-169.69512195121953,59.085365853658544,130,8
365,-0.54833984375,0.302734375,0.41748046875,72.25609756097562,-170.91463414634148,59.146341463414636,130,8
366,-0.52294921875,0.3232421875,0.435546875,74.63414634146342,-171.82926829268294,58.84146341463415,130,8
367,-0.48583984375,0.35302734375,0.451171875,76.28048780487805,-171.82926829268294,59.57317073170732,130,8
368,-0.427734375,0.380859375,0.4765625,76.46341463414635,-171.46341463414635,61.21951219512196,130,8
369,-0.38671875,0.3984375,0.49365234375,75.54878048780489,-172.9268292682927,62.804878048780495,130,8
370,-0.49560546875,0.384765625,0.4873046875,74.75609756097562,-174.39024390243904,62.987804878048784,130,8
371,-0.5,0.3720703125,0.47021484375,75.67073170731707,-177.5609756097561,63.10975609756098,130,8
372,-0.38330078125,0.3662109375,0.48193359375,77.5609756097561,-179.81707317073173,62.804878048780495,130,8
373,-0.3544921875,0.3798828125,0.5283203125,79.32926829268294,-179.08536585365854,63.10975609756098,130,8
374,-0.310546875,0.36669921875,0.53125,72.8048780487805,-174.75609756097563,63.78048780487806,130,8
375,-0.25537109375,0.38623046875,0.55419921875,67.31707317073172,-171.34146341463415,65.73170731707317,130,8
376,-0.23974609375,0.3720703125,0.591796875,65.79268292682927,-170.4268292682927,68.23170731707317,130,8
377,-0.23974609375,0.37353515625,0.6015625,68.41463414634147,-170.3658536585366,70.2439024390244,130,8
378,-0.23486328125,0.35595703125,0.6044921875,72.19512195121952,-171.89024390243904,72.37804878048782,130,8
379,-0.2275390625,0.35791015625,0.59765625,77.07317073170732,-173.2926829268293,73.47560975609757,130,8
380,-0.19384765625,0.3759765625,0.57421875,83.78048780487805,-175.85365853658539,74.63414634146342,130,8
381,-0.14404296875,0.41796875,0.56640625,89.57317073170732,-178.2926829268293,75.3048780487805,130,8
382,-0.1015625,0.43310546875,0.54052734375,94.75609756097562,-181.21951219512198,77.07317073170732,130,8
383,-0.09228515625,0.419921875,0.5546875,92.5609756097561,-178.47560975609758,78.90243902439025,130,8
384,-0.06005859375,0.419921875,0.55078125,85.42682926829269,-173.35365853658539,80.42682926829269,130,8
385,-0.02392578125,0.4423828125,0.55859375,79.57317073170732,-169.20731707317074,82.98780487804879,130,8
386,0.01123046875,0.45947265625,0.58203125,74.57317073170732,-165.1219512195122,85.3658536585366,130,8
387,0.05126953125,0.46337890625,0.615234375,71.52439024390245,-163.78048780487805,88.10975609756099,130,8
388,0.0771484375,0.44873046875,0.61962890625,70.42682926829269,-163.78048780487805,89.75609756097562,130,8
389,0.09521484375,0.46484375,0.61865234375,72.01219512195122,-163.65853658536588,89.39024390243904,130,8
390,0.00927734375,0.38427734375,0.62548828125,74.26829268292684,-164.93902439024393,88.53658536585367,130,8
391,0.15283203125,0.5546875,0.591796875,75.60975609756098,-166.82926829268294,88.59756097560977,130,8
392,0.1748046875,0.59765625,0.55859375,76.95121951219512,-171.64634146341464,89.45121951219512,130,8
393,0.21240234375,0.5869140625,0.55078125,80.1219512195122,-177.43902439024393,90.1829268292683,130,8
394,0.2021484375,0.5478515625,0.58251953125,82.6829268292683,-179.20731707317074,90.79268292682927,130,8
395,0.1953125,0.5478515625,0.60888671875,83.35365853658537,-176.89024390243904,90.91463414634147,130,8
396,0.240234375,0.56787109375,0.63232421875,78.47560975609757,-168.90243902439025,91.46341463414635,130,8
397,0.29052734375,0.58056640625,0.6103515625,67.8658536585366,-160.0,93.04878048780489,130,8
398,0.34619140625,0.60107421875,0.6123046875,60.365853658536594,-154.14634146341464,96.82926829268294,130,8
399,0.37939453125,0.591796875,0.58251953125,59.024390243902445,-153.1707317073171,97.8658536585366,130,8
400,0.4150390625,0.57666015625,0.5341796875,62.07317073170732,-156.76829268292684,97.01219512195122,130,8
401,0.4130859375,0.56005859375,0.49560546875,67.25609756097562,-161.40243902439025,96.52439024390245,130,8
402,0.431640625,0.57861328125,0.4521484375,73.17073170731707,-165.85365853658539,94.57317073170732,130,8
403,0.47900390625,0.63671875,0.46630859375,62.804878048780495,-171.03658536585368,92.7439024390244,130,8
404,0.49462890625,0.66015625,0.3818359375,93.29268292682927,-168.96341463414635,93.41463414634147,130,8
405,0.48193359375,0.748046875,0.49169921875,59.024390243902445,-157.6219512195122,93.29268292682927,130,8
406,0.50048828125,0.693359375,0.52294921875,42.07317073170732,-149.26829268292684,95.85365853658537,130,8
407,0.482421875,0.6943359375,0.52783203125,32.25609756097561,-142.8658536585366,97.19512195121952,130,8
408,0.517578125,0.69970703125,0.51708984375,30.60975609756098,-141.34146341463415,98.10975609756099,130,8
409,0.521484375,0.6298828125,0.48583984375,32.19512195121951,-141.52439024390245,100.60975609756099,130,8
410,0.51708984375,0.5986328125,0.470703125,37.6829268292683,-142.6829268292683,100.54878048780489,130,8
411,0.5341796875,0.61572265625,0.4443359375,46.15853658536586,-144.45121951219514,97.98780487804879,130,8
412,0.59130859375,0.634765625,0.4296875,55.1829268292683,-147.6219512195122,97.8658536585366,130,8
413,0.61328125,0.6494140625,0.3876953125,64.69512195121952,-153.90243902439025,98.47560975609757,130,8
414,0.6123046875,0.65625,0.35107421875,70.67073170731707,-157.9268292682927,100.3048780487805,130,8
415,0.57666015625,0.6611328125,0.34228515625,69.69512195121952,-171.70731707317074,100.85365853658537,130,8
416,0.60400390625,0.69580078125,0.29296875,64.69512195121952,-157.5,103.65853658536587,130,8
417,0.62060546875,0.701171875,0.2841796875,49.085365853658544,-147.9878048780488,105.67073170731709,130,8
418,0.6796875,0.697265625,0.30224609375,46.58536585365854,-138.109756097561,106.95121951219514,130,8
419,0.75146484375,0.70703125,0.3681640625,21.34146341463415,-130.7317073170732,108.10975609756099,130,8
420,0.7880859375,0.68310546875,0.41015625,20.79268292682927,-127.92682926829269,107.7439024390244,130,8
421,0.7861328125,0.62109375,0.40673828125,25.975609756097562,-126.76829268292684,106.15853658536587,130,8
422,0.76806640625,0.587890625,0.35693359375,34.93902439024391,-128.1707317073171,102.7439024390244,130,8
423,0.7724609375,0.6005859375,0.31201171875,46.768292682926834,-131.58536585365854,98.65853658536587,130,8
424,0.798828125,0.61572265625,0.2548828125,59.146341463414636,-136.76829268292684,96.15853658536587,130,8
425,0.7880859375,0.60205078125,0.16943359375,65.0609756097561,-137.37804878048783,94.39024390243904,130,8
426,0.78466796875,0.62255859375,0.14306640625,59.57317073170732,-130.4268292682927,92.92682926829269,130,8
427,0.83203125,0.63671875,0.16796875,50.0609756097561,-123.78048780487806,92.8048780487805,130,8
428,0.85791015625,0.650390625,0.189453125,39.451219512195124,-117.62195121951221,94.14634146341464,130,8
429,0.857421875,0.59765625,0.1904296875,32.86585365853659,-115.85365853658537,95.91463414634147,130,8
430,0.814453125,0.5263671875,0.169921875,30.60975609756098,-114.45121951219514,97.6219512195122,130,8
431,0.7763671875,0.4765625,0.1669921875,32.987804878048784,-114.51219512195122,97.37804878048782,130,8
432,0.759765625,0.4599609375,0.14208984375,36.463414634146346,-114.02439024390245,96.89024390243904,130,8
433,0.77099609375,0.45263671875,0.0751953125,38.170731707317074,-113.65853658536587,96.95121951219512,130,8
434,0.79638671875,0.4580078125,0.00244140625,34.63414634146342,-124.75609756097562,96.95121951219512,130,8
435,0.830078125,0.50830078125,-0.00927734375,29.146341463414636,-103.59756097560977,97.13414634146342,130,8
436,0.88037109375,0.52978515625,0.02587890625,23.53658536585366,-97.6219512195122,94.57317073170732,130,8
437,0.89404296875,0.62158203125,0.0244140625,20.30487804878049,-92.8048780487805,93.96341463414635,130,8
438,0.861328125,0.4560546875,0.03125,20.79268292682927,-89.39024390243904,91.52439024390245,130,8
439,0.837890625,0.435546875,0.013671875,21.219512195121954,-85.79268292682927,87.31707317073172,130,8
440,0.83154296875,0.4404296875,-0.01416015625,21.03658536585366,-82.6219512195122,83.65853658536587,130,8
441,0.83837890625,0.47216796875,-0.0478515625,19.75609756097561,-78.41463414634147,80.48780487804879,130,8
442,0.8359375,0.3759765625,-0.05908203125,17.378048780487806,-75.60975609756098,78.71951219512196,130,8
443,0.82568359375,0.5078125,-0.0390625,15.609756097560977,-71.40243902439025,77.31707317073172,130,8
444,0.80712890625,0.4833984375,-0.029296875,14.329268292682928,-69.93902439024392,76.70731707317074,130,8
445,0.7900390625,0.462890625,-0.0576171875,11.829268292682928,-65.73170731707317,75.1219512195122,130,8
446,0.79150390625,0.44384765625,-0.05078125,8.902439024390244,-60.85365853658537,73.17073170731707,130,8
447,0.83154296875,0.4560546875,-0.06591796875,5.731707317073171,-57.25609756097561,71.34146341463415,130,8
448,0.8427734375,0.42578125,-0.046875,3.658536585365854,-55.0609756097561,69.45121951219512,130,8
449,0.83642578125,0.39404296875,-0.05029296875,2.987804878048781,-52.13414634146342,67.37804878048782,130,8
450,0.8115234375,0.37890625,-0.04736328125,2.439024390243903,-48.90243902439025,64.81707317073172,130,8
451,0.83349609375,0.4052734375,-0.06689453125,1.2195121951219514,-43.53658536585366,60.97560975609757,130,8
452,0.88623046875,0.4306640625,-0.08056640625,15.426829268292684,-38.84146341463415,56.40243902439025,130,8
453,0.90869140625,0.44580078125,-0.08984375,-2.9268292682926833,-33.53658536585366,52.50000000000001,130,8
454,0.9091796875,0.44091796875,-0.1025390625,-6.097560975609756,-30.853658536585368,48.41463414634147,130,8
455,0.896484375,0.43017578125,-0.1064453125,-10.060975609756099,-24.939024390243905,44.32926829268293,130,8
456,0.91064453125,0.4755859375,-0.087890625,-15.487804878048783,-19.451219512195124,40.426829268292686,130,8
457,0.927734375,0.46728515625,-0.06884765625,-19.878048780487806,-15.731707317073171,36.34146341463415,130,8
458,0.92529296875,0.42578125,-0.0712890625,-22.80487804878049,-12.926829268292684,31.89024390243903,130,8
459,0.892578125,0.38818359375,-0.07275390625,-24.695121951219516,-9.878048780487806,28.231707317073173,130,8
460,0.88037109375,0.49609375,-0.04833984375,-25.975609756097562,-7.25609756097561,24.695121951219516,130,8
461,0.8759765625,0.35107421875,-0.06103515625,-26.52439024390244,-4.634146341463415,20.853658536585368,130,8
462,0.88671875,0.33740234375,-0.0751953125,-26.646341463414636,-1.6463414634146343,16.82926829268293,130,8
463,0.89013671875,0.34033203125,-0.076171875,-28.170731707317074,2.987804878048781,13.597560975609758,130,8
464,0.89599609375,0.3359375,-0.072265625,-30.0609756097561,8.048780487804878,9.817073170731708,130,8
465,0.90087890625,0.32177734375,-0.0703125,-32.13414634146342,12.987804878048781,6.2804878048780495,130,8
466,0.875,0.3115234375,-0.05908203125,-33.47560975609756,18.10975609756098,2.5609756097560976,130,8
467,0.8662109375,0.3115234375,-0.0390625,-34.93902439024391,23.902439024390247,-0.30487804878048785,130,8
468,0.85791015625,0.31396484375,-0.0244140625,-35.97560975609756,28.414634146341466,-2.5609756097560976,130,8
469,0.82958984375,0.28759765625,-0.04248046875,-36.03658536585366,31.58536585365854,-4.939024390243903,130,8
470,0.8232421875,0.275390625,-0.09375,-34.69512195121951,31.89024390243903,-7.317073170731708,130,8
471,0.8154296875,0.26904296875,-0.14208984375,-34.63414634146342,32.37804878048781,-9.878048780487806,130,8
472,0.82275390625,0.27685546875,-0.1533203125,-36.15853658536586,33.78048780487805,-12.073170731707318,130,8
473,0.828125,0.2783203125,-0.14697265625,-38.71951219512196,35.1219512195122,-13.475609756097562,130,8
474,0.818359375,0.37158203125,-0.1455078125,-41.21951219512196,36.21951219512196,-14.207317073170733,130,8
475,0.78271484375,0.23193359375,-0.1376953125,-42.804878048780495,37.19512195121951,-0.12195121951219513,130,8
476,0.771484375,0.22216796875,-0.13671875,-43.23170731707317,37.31707317073171,-17.195121951219512,130,8
477,0.79052734375,0.24072265625,-0.1318359375,-43.78048780487805,38.53658536585366,-18.353658536585368,130,8
478,0.78271484375,0.232421875,-0.1162109375,-44.75609756097561,39.32926829268293,-19.085365853658537,130,8
479,0.7578125,0.2158203125,-0.10791015625,-44.87804878048781,40.0,-19.573170731707318,130,8
480,0.7451171875,0.20751953125,-0.11572265625,-44.146341463414636,38.78048780487805,-20.0609756097561,130,8
481,0.7333984375,0.19580078125,-0.11962890625,-43.170731707317074,38.35365853658537,-20.79268292682927,130,8
482,0.7265625,0.19482421875,-0.111328125,-42.25609756097561,37.80487804878049,-21.158536585365855,130,8
483,0.72509765625,0.197265625,-0.13037109375,-41.03658536585366,36.09756097560976,-21.28048780487805,130,8
484,0.72216796875,0.1923828125,-0.15576171875,-40.0,34.451219512195124,-21.03658536585366,130,8
485,0.71875,0.1884765625,-0.16845703125,-39.32926829268293,32.80487804878049,-21.34146341463415,130,8
486,0.7265625,0.18798828125,-0.1611328125,-37.86585365853659,31.89024390243903,-21.646341463414636,130,8
487,0.73193359375,0.19189453125,-0.15380859375,-37.01219512195122,30.60975609756098,-21.646341463414636,130,8
488,0.72216796875,0.1826171875,-0.13916015625,-36.463414634146346,30.182926829268297,-21.707317073170735,130,8
489,0.71240234375,0.18017578125,-0.13818359375,-35.91463414634147,29.08536585365854,-21.585365853658537,130,8
490,0.7060546875,0.1708984375,-0.146484375,-34.63414634146342,28.04878048780488,-21.585365853658537,130,8
491,0.69580078125,0.16845703125,-0.13330078125,-33.23170731707317,26.76829268292683,-21.463414634146343,130,8
492,0.68115234375,0.1513671875,-0.12548828125,-32.01219512195122,25.243902439024392,-21.219512195121954,130,8
493,0.671875,0.14208984375,-0.11572265625,-30.0609756097561,24.26829268292683,-20.731707317073173,130,8
494,0.6591796875,0.13037109375,-0.1005859375,-28.59756097560976,23.475609756097562,-20.121951219512198,130,8
495,0.6533203125,0.24609375,-0.0791015625,-27.134146341463417,22.195121951219512,-19.207317073170735,130,8
496,0.65234375,0.11572265625,-0.0986328125,-25.30487804878049,21.097560975609756,-18.231707317073173,130,8
497,0.64404296875,0.10205078125,-0.09228515625,-23.29268292682927,19.573170731707318,-16.951219512195124,130,8
498,0.63720703125,0.09375,-0.09814453125,-20.182926829268293,17.743902439024392,-16.097560975609756,130,8
499,0.6376953125,0.09765625,-0.11083984375,-18.170731707317074,16.34146341463415,-15.000000000000002,130,8
